ORCA Benchmark Index - Q4 2025,,,,,,,,,
Industry Analysis & Trust Metrics,,,,,,,,,
,,,,,,,,,
Category,Customer Count,Total Agents,Avg Trust Score,Market Avg Trust Score,Trust Score Delta,Risk Avoided ($M/yr),Cost Saved (%),Compliance Uptime (%),ROI Multiple
Financial Services,12,1524,97.1%,81.2%,+15.9,3.2,71%,99.8%,8.9x
Healthcare,8,512,98.3%,76.4%,+21.9,4.7,68%,99.9%,9.7x
Retail & E-Commerce,14,1162,95.8%,82.1%,+13.7,2.8,65%,99.6%,8.3x
Manufacturing,9,684,96.4%,79.8%,+16.6,2.1,69%,99.7%,7.8x
Public Sector,4,318,97.6%,74.3%,+23.3,1.9,72%,99.9%,8.6x
**Overall Aggregate**,47,4200,96.2%,78.4%,+17.8,2.4,68%,99.7%,8.3x
,,,,,,,,,
,,,,,,,,,
Operational Metrics,,,,,,,,,
Metric,ORCA Average,Market Average,Improvement,Source,,,,,
Mean Time to Resolution (MTTR),4.2 min,37 min,88% faster,Internal telemetry,,,,,
Self-Healing Success Rate,89%,12%,+77 pts,Customer surveys (n=47),,,,,
Agent Uptime SLA,99.7%,94.1%,+5.6 pts,ORCA Quarterly Report,,,,,
Policy Compliance Rate,99.8%,82.3%,+17.5 pts,Continuous audit logs,,,,,
Audit Preparation Time,6 days,23 days,74% faster,Compliance team surveys,,,,,
Agent Conflict Events (per 1000 agents),2.4,47.8,95% reduction,ORCA Conflict Database,,,,,
,,,,,,,,,
,,,,,,,,,
Trust Score Distribution,,,,,,,,,
Trust Score Range,Customer %,Agent %,Avg Risk Avoided ($M),Avg ROI Multiple,,,,,
95-100% (Excellent),68%,71%,2.8,9.1x,,,,,
90-94% (Good),23%,22%,2.1,7.4x,,,,,
85-89% (Fair),7%,5%,1.4,5.2x,,,,,
80-84% (Needs Improvement),2%,2%,0.8,3.1x,,,,,
<80% (Critical),0%,0%,N/A,N/A,,,,,
,,,,,,,,,
,,,,,,,,,
Agent Type Performance,,,,,,,,,
Agent Category,Count,Avg Trust Score,Avg MTTR (min),Self-Healing Rate,Uptime,,,,,
Fraud Detection,487,97.8%,3.1,92%,99.9%,,,,,
Trading & Pricing,312,96.2%,2.8,91%,99.8%,,,,,
Inventory Management,624,95.9%,4.7,87%,99.7%,,,,,
Customer Service,891,95.1%,5.2,86%,99.6%,,,,,
Compliance Automation,418,98.4%,2.4,94%,99.9%,,,,,
Predictive Maintenance,542,96.7%,4.1,88%,99.7%,,,,,
Supply Chain Coordination,398,95.4%,5.8,85%,99.5%,,,,,
Healthcare Workflows,328,98.6%,1.9,95%,99.9%,,,,,
Personalization Engines,200,94.8%,6.3,84%,99.4%,,,,,
,,,,,,,,,
,,,,,,,,,
Deployment Model Analysis,,,,,,,,,
Deployment Type,Customer %,Avg Trust Score,Avg Implementation Time,Avg TCO ($/year),ROI Multiple,,,,,
Fully Managed SaaS,47%,96.1%,2 weeks,$120K,8.7x,,,,,
Hybrid Cloud,38%,96.4%,5 weeks,$240K,8.2x,,,,,
On-Premises,13%,96.0%,10 weeks,$480K,7.9x,,,,,
OEM Licensed SDK,2%,95.8%,14 weeks,Revenue share,Variable,,,,,
,,,,,,,,,
,,,,,,,,,
Financial Impact by Vertical,,,,,,,,,
Industry,Avg Annual Contract Value,Risk Avoided ($M/yr),Operational Savings ($M/yr),Total Value ($M/yr),Payback Period (months),,,,,
Financial Services,$420K,3.2,1.9,5.1,3.2,,,,,
Healthcare,$280K,4.7,2.1,6.8,2.8,,,,,
Retail & E-Commerce,$190K,2.8,1.4,4.2,3.6,,,,,
Manufacturing,$240K,2.1,1.2,3.3,4.1,,,,,
Public Sector,$310K,1.9,0.9,2.8,4.8,,,,,
,,,,,,,,,
,,,,,,,,,
Compliance Framework Coverage,,,,,,,,,
Framework,Customer Adoption %,Avg Audit Prep Time (ORCA),Market Avg Audit Prep Time,Time Saved,Clean Audit Rate,,,,,
SOC 2 Type II,89%,6 days,23 days,74%,96%,,,,,
ISO 27001,62%,8 days,31 days,74%,94%,,,,,
HIPAA (BAA),17%,5 days,28 days,82%,100%,,,,,
ISO 42001 (AI Management),28%,9 days,Not applicable,N/A,92%,,,,,
NIST AI RMF,34%,7 days,Not applicable,N/A,91%,,,,,
FedRAMP (Moderate),9%,45 days,180 days,75%,100%,,,,,
PCI-DSS,19%,11 days,34 days,68%,89%,,,,,
,,,,,,,,,
,,,,,,,,,
Year-over-Year Growth Metrics,,,,,,,,,
Metric,Q4 2024,Q4 2025,Growth Rate,,,,,
Total Customers,18,47,+161%,,,,,
Total Agents Under Management,1200,4200,+250%,,,,,
Avg Trust Score,91.4%,96.2%,+4.8 pts,,,,,
Avg ROI Multiple,6.2x,8.3x,+34%,,,,,
Customer Retention Rate,94%,98%,+4 pts,,,,,
Net Revenue Retention,118%,142%,+24 pts,,,,,
,,,,,,,,,
,,,,,,,,,
Regional Distribution,,,,,,,,,
Region,Customer %,Avg Trust Score,Preferred Deployment,Top Vertical,,,,,
North America,64%,96.3%,SaaS (52%),Financial Services,,,,,
Europe,23%,96.1%,Hybrid (61%),Healthcare,,,,,
Asia-Pacific,11%,95.9%,On-Prem (54%),Manufacturing,,,,,
Latin America,2%,96.4%,SaaS (100%),Retail,,,,,
,,,,,,,,,
,,,,,,,,,
Customer Success Metrics,,,,,,,,,
Metric,Target,Actual (Q4 2025),Achievement Rate,,,,,
Adoption Rate (% agents instrumented),≥80%,87%,109%,,,,,
Trust Score Target,≥95%,96.2%,101%,,,,,
MTTR Target,<5 min,4.2 min,116%,,,,,
Self-Healing Target,≥85%,89%,105%,,,,,
Customer Satisfaction (NPS),≥50,64,128%,,,,,
Training Completion Rate,100%,98%,98%,,,,,
Executive Dashboard Engagement,≥70%,79%,113%,,,,,
,,,,,,,,,
,,,,,,,,,
Incident Analysis,,,,,,,,,
Incident Type,Frequency (per 1000 agents/month),Avg Resolution Time,Self-Healing %,Impact ($k avg),,,,,
Policy Drift,12.4,3.2 min,94%,$18,,,,,
Agent Conflict,2.4,4.7 min,89%,$47,,,,,
Anomaly Detection,8.7,2.1 min,91%,$12,,,,,
Workflow Failure,5.3,6.8 min,82%,$31,,,,,
Compliance Violation,0.8,1.4 min,97%,$340,,,,,
Data Access Unauthorized,0.3,0.9 min,99%,$820,,,,,
Integration Failure,6.2,7.3 min,78%,$24,,,,,
,,,,,,,,,
,,,,,,,,,
Competitive Win Rate Analysis,,,,,,,,,
Competitor,Head-to-Head Opportunities,ORCA Win Rate,Primary Win Reason,,,,,
Manual/Consulting Frameworks,23,87%,Automation + speed,,,,,
AIOps Platforms (Datadog et al),18,72%,Agent-specific governance,,,,,
Observability Tools,14,79%,Actionable orchestration,,,,,
Workflow Orchestrators,9,67%,Trust metrics + compliance,,,,,
In-House Build,12,58%,Faster time-to-value,,,,,
,,,,,,,,,
,,,,,,,,,
Future Projections (2026),,,,,,,,,
Metric,Q4 2025 Actual,Q4 2026 Projection,Assumptions,,,,,
Total Customers,47,120,+155% growth (conservative),,,,,
Total Agents,4200,15000,+257% (agent proliferation),,,,,
Avg Trust Score,96.2%,97.1%,Platform maturity + ML improvements,,,,,
Market Avg Trust Score,78.4%,81.2%,Industry catching up (slowly),,,,,
Avg ROI Multiple,8.3x,9.1x,Scale economies + advanced features,,,,,
,,,,,,,,,
Data Sources:,,,,,,,,,
"- ORCA Platform telemetry (4,200 agents across 47 customers)",,,,,,,,,
- Customer surveys (n=47 enterprises) conducted Q4 2025,,,,,,,,,
- Third-party audit validation (available upon request),,,,,,,,,
- Market benchmarks: Gartner AIOps survey (n=340 enterprises),,,,,,,,,
"- Compliance data: Customer audit reports, regulatory filings",,,,,,,,,
,,,,,,,,,
Methodology:,,,,,,,,,
"- Trust Score: Composite metric (policy alignment 30%, workflow conformance 25%, anomaly accuracy 20%, SLA adherence 15%, audit readiness 10%)",,,,,,,,,
"- Risk Avoided: Modeled cost of incidents prevented (regulatory penalties, downtime, data breaches)",,,,,,,,,
- ROI Multiple: (Total Value Delivered) / (ORCA Investment) over 18-month period,,,,,,,,,
- Market Averages: Derived from Gartner AIOps survey + IDC AI Governance study,,,,,,,,,
,,,,,,,,,
Report Date:,October 30 2025,,,,,,,,
Classification:,Public (Analyst Distribution),,,,,,,,
Contact:,analysts@orcaplatform.ai,,,,,,,,
Version:,1.0,,,,,,,,
